Dimensions,Sum_MAC,Sum_MOC,Sum_MEC,Sum_MAF,Sum_MEF,AE_Ratio_Count,AE_Ratio_Amount,AE_Count_CI_Lower,AE_Count_CI_Upper,AE_Amount_CI_Lower,AE_Amount_CI_Upper
Face_Amount=200000.0,5,851.4810648545243,2.075032771249973,1000000.0,346555.6245027955,2.8855396631773496,2.885539663177313,1.1027297296905838,6.301155620964518,1.10272972969057,6.301155620964438
Face_Amount=300000.0,4,813.3852850984952,1.9162406849999754,1200000.0,473886.53898160486,2.532251712780971,2.5322517127809387,0.855890414141576,5.999087579361055,0.855890414141565,5.999087579360977
Face_Amount=1000000.0,4,862.5950038901663,1.9050042574999744,4000000.0,1611537.9911711998,2.4821009631259248,2.482100963125892,0.8388762253025338,5.881517402722027,0.8388762253025227,5.881517402721949
